tool,family,name,n_vertices,n_hyperedges,mean_arity,source_bytes,rep,stage,wall_ns,output_bytes
competitor,chain,chain_2,2,1,2.0,953,0,xacro_urdf,73713814,1543
competitor,chain,chain_2,2,1,2.0,953,0,gz_sdf,146373322,2370
competitor,chain,chain_2,2,1,2.0,953,0,mujoco_mjcf,178709747,402
competitor,chain,chain_2,2,1,2.0,953,0,bundle_3fmt,382884646,0
competitor,chain,chain_2,2,1,2.0,953,1,xacro_urdf,69398678,1543
competitor,chain,chain_2,2,1,2.0,953,1,gz_sdf,134481703,2370
competitor,chain,chain_2,2,1,2.0,953,1,mujoco_mjcf,179744241,402
competitor,chain,chain_2,2,1,2.0,953,1,bundle_3fmt,403349770,0
competitor,chain,chain_2,2,1,2.0,953,2,xacro_urdf,69337873,1543
competitor,chain,chain_2,2,1,2.0,953,2,gz_sdf,135128536,2370
competitor,chain,chain_2,2,1,2.0,953,2,mujoco_mjcf,183635571,402
competitor,chain,chain_2,2,1,2.0,953,2,bundle_3fmt,378125947,0
competitor,chain,chain_2,2,1,2.0,953,3,xacro_urdf,72434230,1543
competitor,chain,chain_2,2,1,2.0,953,3,gz_sdf,149312298,2370
competitor,chain,chain_2,2,1,2.0,953,3,mujoco_mjcf,178470868,402
competitor,chain,chain_2,2,1,2.0,953,3,bundle_3fmt,401913983,0
competitor,chain,chain_2,2,1,2.0,953,4,xacro_urdf,68837015,1543
competitor,chain,chain_2,2,1,2.0,953,4,gz_sdf,141171816,2370
competitor,chain,chain_2,2,1,2.0,953,4,mujoco_mjcf,210716750,402
competitor,chain,chain_2,2,1,2.0,953,4,bundle_3fmt,395163357,0
competitor,tree,tree_2_k3,2,1,2.0,915,0,xacro_urdf,69297064,1508
competitor,tree,tree_2_k3,2,1,2.0,915,0,gz_sdf,142219386,2276
competitor,tree,tree_2_k3,2,1,2.0,915,0,mujoco_mjcf,173723002,404
competitor,tree,tree_2_k3,2,1,2.0,915,0,bundle_3fmt,436436822,0
competitor,tree,tree_2_k3,2,1,2.0,915,1,xacro_urdf,71967856,1508
competitor,tree,tree_2_k3,2,1,2.0,915,1,gz_sdf,141516284,2276
competitor,tree,tree_2_k3,2,1,2.0,915,1,mujoco_mjcf,177196542,404
competitor,tree,tree_2_k3,2,1,2.0,915,1,bundle_3fmt,395141005,0
competitor,tree,tree_2_k3,2,1,2.0,915,2,xacro_urdf,68477382,1508
competitor,tree,tree_2_k3,2,1,2.0,915,2,gz_sdf,154914168,2276
competitor,tree,tree_2_k3,2,1,2.0,915,2,mujoco_mjcf,204552230,404
competitor,tree,tree_2_k3,2,1,2.0,915,2,bundle_3fmt,374488533,0
competitor,tree,tree_2_k3,2,1,2.0,915,3,xacro_urdf,69470811,1508
competitor,tree,tree_2_k3,2,1,2.0,915,3,gz_sdf,136012509,2276
competitor,tree,tree_2_k3,2,1,2.0,915,3,mujoco_mjcf,178473063,404
competitor,tree,tree_2_k3,2,1,2.0,915,3,bundle_3fmt,388887360,0
competitor,tree,tree_2_k3,2,1,2.0,915,4,xacro_urdf,69517607,1508
competitor,tree,tree_2_k3,2,1,2.0,915,4,gz_sdf,145467072,2276
competitor,tree,tree_2_k3,2,1,2.0,915,4,mujoco_mjcf,172868048,404
competitor,tree,tree_2_k3,2,1,2.0,915,4,bundle_3fmt,394045093,0
competitor,chain,chain_5,5,4,2.0,2648,0,xacro_urdf,72560322,3463
competitor,chain,chain_5,5,4,2.0,2648,0,gz_sdf,143558982,6675
competitor,chain,chain_5,5,4,2.0,2648,0,mujoco_mjcf,177576052,1251
competitor,chain,chain_5,5,4,2.0,2648,0,bundle_3fmt,395386375,0
competitor,chain,chain_5,5,4,2.0,2648,1,xacro_urdf,69197350,3463
competitor,chain,chain_5,5,4,2.0,2648,1,gz_sdf,151927591,6675
competitor,chain,chain_5,5,4,2.0,2648,1,mujoco_mjcf,196488917,1251
competitor,chain,chain_5,5,4,2.0,2648,1,bundle_3fmt,408351767,0
competitor,chain,chain_5,5,4,2.0,2648,2,xacro_urdf,72511229,3463
competitor,chain,chain_5,5,4,2.0,2648,2,gz_sdf,142917336,6675
competitor,chain,chain_5,5,4,2.0,2648,2,mujoco_mjcf,172407460,1251
competitor,chain,chain_5,5,4,2.0,2648,2,bundle_3fmt,422495947,0
competitor,chain,chain_5,5,4,2.0,2648,3,xacro_urdf,70299344,3463
competitor,chain,chain_5,5,4,2.0,2648,3,gz_sdf,142521746,6675
competitor,chain,chain_5,5,4,2.0,2648,3,mujoco_mjcf,175124940,1251
competitor,chain,chain_5,5,4,2.0,2648,3,bundle_3fmt,399195716,0
competitor,chain,chain_5,5,4,2.0,2648,4,xacro_urdf,68875881,3463
competitor,chain,chain_5,5,4,2.0,2648,4,gz_sdf,148223139,6675
competitor,chain,chain_5,5,4,2.0,2648,4,mujoco_mjcf,190307509,1251
competitor,chain,chain_5,5,4,2.0,2648,4,bundle_3fmt,391536254,0
competitor,tree,tree_5_k3,5,4,2.0,2550,0,xacro_urdf,70211796,3368
competitor,tree,tree_5_k3,5,4,2.0,2550,0,gz_sdf,140948716,6437
competitor,tree,tree_5_k3,5,4,2.0,2550,0,mujoco_mjcf,176729130,1203
competitor,tree,tree_5_k3,5,4,2.0,2550,0,bundle_3fmt,436562922,0
competitor,tree,tree_5_k3,5,4,2.0,2550,1,xacro_urdf,68523282,3368
competitor,tree,tree_5_k3,5,4,2.0,2550,1,gz_sdf,144567409,6437
competitor,tree,tree_5_k3,5,4,2.0,2550,1,mujoco_mjcf,192092110,1203
competitor,tree,tree_5_k3,5,4,2.0,2550,1,bundle_3fmt,397092815,0
competitor,tree,tree_5_k3,5,4,2.0,2550,2,xacro_urdf,67655038,3368
competitor,tree,tree_5_k3,5,4,2.0,2550,2,gz_sdf,153517609,6437
competitor,tree,tree_5_k3,5,4,2.0,2550,2,mujoco_mjcf,175313358,1203
competitor,tree,tree_5_k3,5,4,2.0,2550,2,bundle_3fmt,398111490,0
competitor,tree,tree_5_k3,5,4,2.0,2550,3,xacro_urdf,67425233,3368
competitor,tree,tree_5_k3,5,4,2.0,2550,3,gz_sdf,152933242,6437
competitor,tree,tree_5_k3,5,4,2.0,2550,3,mujoco_mjcf,172253287,1203
competitor,tree,tree_5_k3,5,4,2.0,2550,3,bundle_3fmt,392868317,0
competitor,tree,tree_5_k3,5,4,2.0,2550,4,xacro_urdf,73572061,3368
competitor,tree,tree_5_k3,5,4,2.0,2550,4,gz_sdf,144510809,6437
competitor,tree,tree_5_k3,5,4,2.0,2550,4,mujoco_mjcf,169479509,1203
competitor,tree,tree_5_k3,5,4,2.0,2550,4,bundle_3fmt,390063697,0
competitor,chain,chain_10,10,9,2.0,5474,0,xacro_urdf,72031905,6666
competitor,chain,chain_10,10,9,2.0,5474,0,gz_sdf,171157320,13904
competitor,chain,chain_10,10,9,2.0,5474,0,mujoco_mjcf,208632168,2866
competitor,chain,chain_10,10,9,2.0,5474,0,bundle_3fmt,404794637,0
competitor,chain,chain_10,10,9,2.0,5474,1,xacro_urdf,72263974,6666
competitor,chain,chain_10,10,9,2.0,5474,1,gz_sdf,153201423,13904
competitor,chain,chain_10,10,9,2.0,5474,1,mujoco_mjcf,177835911,2866
competitor,chain,chain_10,10,9,2.0,5474,1,bundle_3fmt,465437834,0
competitor,chain,chain_10,10,9,2.0,5474,2,xacro_urdf,72726669,6666
competitor,chain,chain_10,10,9,2.0,5474,2,gz_sdf,167915405,13904
competitor,chain,chain_10,10,9,2.0,5474,2,mujoco_mjcf,194012599,2866
competitor,chain,chain_10,10,9,2.0,5474,2,bundle_3fmt,427687711,0
competitor,chain,chain_10,10,9,2.0,5474,3,xacro_urdf,71216762,6666
competitor,chain,chain_10,10,9,2.0,5474,3,gz_sdf,167232402,13904
competitor,chain,chain_10,10,9,2.0,5474,3,mujoco_mjcf,176041674,2866
competitor,chain,chain_10,10,9,2.0,5474,3,bundle_3fmt,445193419,0
competitor,chain,chain_10,10,9,2.0,5474,4,xacro_urdf,71643689,6666
competitor,chain,chain_10,10,9,2.0,5474,4,gz_sdf,158718916,13904
competitor,chain,chain_10,10,9,2.0,5474,4,mujoco_mjcf,170905288,2866
competitor,chain,chain_10,10,9,2.0,5474,4,bundle_3fmt,404386286,0
competitor,tree,tree_10_k3,10,9,2.0,5276,0,xacro_urdf,69261521,6471
competitor,tree,tree_10_k3,10,9,2.0,5276,0,gz_sdf,174262246,13426
competitor,tree,tree_10_k3,10,9,2.0,5276,0,mujoco_mjcf,207768260,2638
competitor,tree,tree_10_k3,10,9,2.0,5276,0,bundle_3fmt,420428635,0
competitor,tree,tree_10_k3,10,9,2.0,5276,1,xacro_urdf,72435935,6471
competitor,tree,tree_10_k3,10,9,2.0,5276,1,gz_sdf,164808751,13426
competitor,tree,tree_10_k3,10,9,2.0,5276,1,mujoco_mjcf,173730787,2638
competitor,tree,tree_10_k3,10,9,2.0,5276,1,bundle_3fmt,401972580,0
competitor,tree,tree_10_k3,10,9,2.0,5276,2,xacro_urdf,71053579,6471
competitor,tree,tree_10_k3,10,9,2.0,5276,2,gz_sdf,159977802,13426
competitor,tree,tree_10_k3,10,9,2.0,5276,2,mujoco_mjcf,178570870,2638
competitor,tree,tree_10_k3,10,9,2.0,5276,2,bundle_3fmt,391195933,0
competitor,tree,tree_10_k3,10,9,2.0,5276,3,xacro_urdf,70626160,6471
competitor,tree,tree_10_k3,10,9,2.0,5276,3,gz_sdf,158663523,13426
competitor,tree,tree_10_k3,10,9,2.0,5276,3,mujoco_mjcf,222913032,2638
competitor,tree,tree_10_k3,10,9,2.0,5276,3,bundle_3fmt,400660633,0
competitor,tree,tree_10_k3,10,9,2.0,5276,4,xacro_urdf,69946233,6471
competitor,tree,tree_10_k3,10,9,2.0,5276,4,gz_sdf,167472494,13426
competitor,tree,tree_10_k3,10,9,2.0,5276,4,mujoco_mjcf,178120324,2638
competitor,tree,tree_10_k3,10,9,2.0,5276,4,bundle_3fmt,413581308,0
competitor,chain,chain_20,20,19,2.0,11162,0,xacro_urdf,75497302,13104
competitor,chain,chain_20,20,19,2.0,11162,0,gz_sdf,175165192,28448
competitor,chain,chain_20,20,19,2.0,11162,0,mujoco_mjcf,195055625,6864
competitor,chain,chain_20,20,19,2.0,11162,0,bundle_3fmt,435419466,0
competitor,chain,chain_20,20,19,2.0,11162,1,xacro_urdf,74146285,13104
competitor,chain,chain_20,20,19,2.0,11162,1,gz_sdf,175084467,28448
competitor,chain,chain_20,20,19,2.0,11162,1,mujoco_mjcf,176627196,6864
competitor,chain,chain_20,20,19,2.0,11162,1,bundle_3fmt,433696163,0
competitor,chain,chain_20,20,19,2.0,11162,2,xacro_urdf,73184856,13104
competitor,chain,chain_20,20,19,2.0,11162,2,gz_sdf,191333249,28448
competitor,chain,chain_20,20,19,2.0,11162,2,mujoco_mjcf,198213072,6864
competitor,chain,chain_20,20,19,2.0,11162,2,bundle_3fmt,426423774,0
competitor,chain,chain_20,20,19,2.0,11162,3,xacro_urdf,74178194,13104
competitor,chain,chain_20,20,19,2.0,11162,3,gz_sdf,186233391,28448
competitor,chain,chain_20,20,19,2.0,11162,3,mujoco_mjcf,177881494,6864
competitor,chain,chain_20,20,19,2.0,11162,3,bundle_3fmt,425149589,0
competitor,chain,chain_20,20,19,2.0,11162,4,xacro_urdf,73477498,13104
competitor,chain,chain_20,20,19,2.0,11162,4,gz_sdf,177989496,28448
competitor,chain,chain_20,20,19,2.0,11162,4,mujoco_mjcf,169731887,6864
competitor,chain,chain_20,20,19,2.0,11162,4,bundle_3fmt,437167225,0
competitor,tree,tree_20_k3,20,19,2.0,10758,0,xacro_urdf,77396550,12703
competitor,tree,tree_20_k3,20,19,2.0,10758,0,gz_sdf,174351313,27478
competitor,tree,tree_20_k3,20,19,2.0,10758,0,mujoco_mjcf,225610977,5466
competitor,tree,tree_20_k3,20,19,2.0,10758,0,bundle_3fmt,437752264,0
competitor,tree,tree_20_k3,20,19,2.0,10758,1,xacro_urdf,73027285,12703
competitor,tree,tree_20_k3,20,19,2.0,10758,1,gz_sdf,178927727,27478
competitor,tree,tree_20_k3,20,19,2.0,10758,1,mujoco_mjcf,196024724,5466
competitor,tree,tree_20_k3,20,19,2.0,10758,1,bundle_3fmt,547343121,0
competitor,tree,tree_20_k3,20,19,2.0,10758,2,xacro_urdf,77145553,12703
competitor,tree,tree_20_k3,20,19,2.0,10758,2,gz_sdf,176329310,27478
competitor,tree,tree_20_k3,20,19,2.0,10758,2,mujoco_mjcf,173363390,5466
competitor,tree,tree_20_k3,20,19,2.0,10758,2,bundle_3fmt,502874447,0
competitor,tree,tree_20_k3,20,19,2.0,10758,3,xacro_urdf,75058826,12703
competitor,tree,tree_20_k3,20,19,2.0,10758,3,gz_sdf,178089697,27478
competitor,tree,tree_20_k3,20,19,2.0,10758,3,mujoco_mjcf,189520347,5466
competitor,tree,tree_20_k3,20,19,2.0,10758,3,bundle_3fmt,478327935,0
competitor,tree,tree_20_k3,20,19,2.0,10758,4,xacro_urdf,79064461,12703
competitor,tree,tree_20_k3,20,19,2.0,10758,4,gz_sdf,182822406,27478
competitor,tree,tree_20_k3,20,19,2.0,10758,4,mujoco_mjcf,215492388,5466
competitor,tree,tree_20_k3,20,19,2.0,10758,4,bundle_3fmt,439214300,0
competitor,chain,chain_50,50,49,2.0,28232,0,xacro_urdf,82765640,32424
competitor,chain,chain_50,50,49,2.0,28232,0,gz_sdf,272750000,71987
competitor,chain,chain_50,50,49,2.0,28232,0,mujoco_mjcf,219350341,24862
competitor,chain,chain_50,50,49,2.0,28232,0,bundle_3fmt,586172680,0
competitor,chain,chain_50,50,49,2.0,28232,1,xacro_urdf,83717981,32424
competitor,chain,chain_50,50,49,2.0,28232,1,gz_sdf,256303741,71987
competitor,chain,chain_50,50,49,2.0,28232,1,mujoco_mjcf,180053905,24862
competitor,chain,chain_50,50,49,2.0,28232,1,bundle_3fmt,570580324,0
competitor,chain,chain_50,50,49,2.0,28232,2,xacro_urdf,80363756,32424
competitor,chain,chain_50,50,49,2.0,28232,2,gz_sdf,252493622,71987
competitor,chain,chain_50,50,49,2.0,28232,2,mujoco_mjcf,178704821,24862
competitor,chain,chain_50,50,49,2.0,28232,2,bundle_3fmt,560874439,0
competitor,chain,chain_50,50,49,2.0,28232,3,xacro_urdf,83426508,32424
competitor,chain,chain_50,50,49,2.0,28232,3,gz_sdf,256090862,71987
competitor,chain,chain_50,50,49,2.0,28232,3,mujoco_mjcf,176495719,24862
competitor,chain,chain_50,50,49,2.0,28232,3,bundle_3fmt,564923010,0
competitor,chain,chain_50,50,49,2.0,28232,4,xacro_urdf,91176594,32424
competitor,chain,chain_50,50,49,2.0,28232,4,gz_sdf,256718955,71987
competitor,chain,chain_50,50,49,2.0,28232,4,mujoco_mjcf,188877686,24862
competitor,chain,chain_50,50,49,2.0,28232,4,bundle_3fmt,541425953,0
competitor,tree,tree_50_k3,50,49,2.0,27222,0,xacro_urdf,83406988,31417
competitor,tree,tree_50_k3,50,49,2.0,27222,0,gz_sdf,260039913,69565
competitor,tree,tree_50_k3,50,49,2.0,27222,0,mujoco_mjcf,178942113,14414
competitor,tree,tree_50_k3,50,49,2.0,27222,0,bundle_3fmt,524567126,0
competitor,tree,tree_50_k3,50,49,2.0,27222,1,xacro_urdf,80275124,31417
competitor,tree,tree_50_k3,50,49,2.0,27222,1,gz_sdf,253381036,69565
competitor,tree,tree_50_k3,50,49,2.0,27222,1,mujoco_mjcf,178396338,14414
competitor,tree,tree_50_k3,50,49,2.0,27222,1,bundle_3fmt,527308054,0
competitor,tree,tree_50_k3,50,49,2.0,27222,2,xacro_urdf,82445257,31417
competitor,tree,tree_50_k3,50,49,2.0,27222,2,gz_sdf,265754654,69565
competitor,tree,tree_50_k3,50,49,2.0,27222,2,mujoco_mjcf,208986099,14414
competitor,tree,tree_50_k3,50,49,2.0,27222,2,bundle_3fmt,514268566,0
competitor,tree,tree_50_k3,50,49,2.0,27222,3,xacro_urdf,83122696,31417
competitor,tree,tree_50_k3,50,49,2.0,27222,3,gz_sdf,264033637,69565
competitor,tree,tree_50_k3,50,49,2.0,27222,3,mujoco_mjcf,177383868,14414
competitor,tree,tree_50_k3,50,49,2.0,27222,3,bundle_3fmt,548510501,0
competitor,tree,tree_50_k3,50,49,2.0,27222,4,xacro_urdf,81211972,31417
competitor,tree,tree_50_k3,50,49,2.0,27222,4,gz_sdf,246964692,69565
competitor,tree,tree_50_k3,50,49,2.0,27222,4,mujoco_mjcf,181297286,14414
competitor,tree,tree_50_k3,50,49,2.0,27222,4,bundle_3fmt,526661712,0
competitor,chain,chain_100,100,99,2.0,56683,0,xacro_urdf,110285946,64627
competitor,chain,chain_100,100,99,2.0,56683,0,gz_sdf,391405606,144690
competitor,chain,chain_100,100,99,2.0,56683,0,mujoco_mjcf,193703065,74857
competitor,chain,chain_100,100,99,2.0,56683,0,bundle_3fmt,696261951,0
competitor,chain,chain_100,100,99,2.0,56683,1,xacro_urdf,99251717,64627
competitor,chain,chain_100,100,99,2.0,56683,1,gz_sdf,396410784,144690
competitor,chain,chain_100,100,99,2.0,56683,1,mujoco_mjcf,215114125,74857
competitor,chain,chain_100,100,99,2.0,56683,1,bundle_3fmt,698073617,0
competitor,chain,chain_100,100,99,2.0,56683,2,xacro_urdf,95663137,64627
competitor,chain,chain_100,100,99,2.0,56683,2,gz_sdf,404758867,144690
competitor,chain,chain_100,100,99,2.0,56683,2,mujoco_mjcf,223031125,74857
competitor,chain,chain_100,100,99,2.0,56683,2,bundle_3fmt,681983224,0
competitor,chain,chain_100,100,99,2.0,56683,3,xacro_urdf,96368220,64627
competitor,chain,chain_100,100,99,2.0,56683,3,gz_sdf,394088221,144690
competitor,chain,chain_100,100,99,2.0,56683,3,mujoco_mjcf,193309942,74857
competitor,chain,chain_100,100,99,2.0,56683,3,bundle_3fmt,692848584,0
competitor,chain,chain_100,100,99,2.0,56683,4,xacro_urdf,97643058,64627
competitor,chain,chain_100,100,99,2.0,56683,4,gz_sdf,397468966,144690
competitor,chain,chain_100,100,99,2.0,56683,4,mujoco_mjcf,207042811,74857
competitor,chain,chain_100,100,99,2.0,56683,4,bundle_3fmt,715315029,0
competitor,tree,tree_100_k3,100,99,2.0,54666,0,xacro_urdf,93330291,62613
competitor,tree,tree_100_k3,100,99,2.0,54666,0,gz_sdf,394801723,139854
competitor,tree,tree_100_k3,100,99,2.0,54666,0,mujoco_mjcf,198639374,30069
competitor,tree,tree_100_k3,100,99,2.0,54666,0,bundle_3fmt,668083141,0
competitor,tree,tree_100_k3,100,99,2.0,54666,1,xacro_urdf,98729420,62613
competitor,tree,tree_100_k3,100,99,2.0,54666,1,gz_sdf,399420173,139854
competitor,tree,tree_100_k3,100,99,2.0,54666,1,mujoco_mjcf,186854263,30069
competitor,tree,tree_100_k3,100,99,2.0,54666,1,bundle_3fmt,673098595,0
competitor,tree,tree_100_k3,100,99,2.0,54666,2,xacro_urdf,99171134,62613
competitor,tree,tree_100_k3,100,99,2.0,54666,2,gz_sdf,383039458,139854
competitor,tree,tree_100_k3,100,99,2.0,54666,2,mujoco_mjcf,183917286,30069
competitor,tree,tree_100_k3,100,99,2.0,54666,2,bundle_3fmt,718082605,0
competitor,tree,tree_100_k3,100,99,2.0,54666,3,xacro_urdf,104601460,62613
competitor,tree,tree_100_k3,100,99,2.0,54666,3,gz_sdf,389284161,139854
competitor,tree,tree_100_k3,100,99,2.0,54666,3,mujoco_mjcf,223649091,30069
competitor,tree,tree_100_k3,100,99,2.0,54666,3,bundle_3fmt,661058746,0
competitor,tree,tree_100_k3,100,99,2.0,54666,4,xacro_urdf,93177796,62613
competitor,tree,tree_100_k3,100,99,2.0,54666,4,gz_sdf,393532391,139854
competitor,tree,tree_100_k3,100,99,2.0,54666,4,mujoco_mjcf,191353352,30069
competitor,tree,tree_100_k3,100,99,2.0,54666,4,bundle_3fmt,676992158,0
competitor,chain,chain_200,200,199,2.0,113981,0,xacro_urdf,125680878,129425
competitor,chain,chain_200,200,199,2.0,113981,0,gz_sdf,688331466,290861
competitor,chain,chain_200,200,199,2.0,113981,0,mujoco_mjcf,262154685,250038
competitor,chain,chain_200,200,199,2.0,113981,0,bundle_3fmt,1124834497,0
competitor,chain,chain_200,200,199,2.0,113981,1,xacro_urdf,126349680,129425
competitor,chain,chain_200,200,199,2.0,113981,1,gz_sdf,708882763,290861
competitor,chain,chain_200,200,199,2.0,113981,1,mujoco_mjcf,261573479,250038
competitor,chain,chain_200,200,199,2.0,113981,1,bundle_3fmt,1102415717,0
competitor,chain,chain_200,200,199,2.0,113981,2,xacro_urdf,127570035,129425
competitor,chain,chain_200,200,199,2.0,113981,2,gz_sdf,696223667,290861
competitor,chain,chain_200,200,199,2.0,113981,2,mujoco_mjcf,280488591,250038
competitor,chain,chain_200,200,199,2.0,113981,2,bundle_3fmt,1159060774,0
competitor,chain,chain_200,200,199,2.0,113981,3,xacro_urdf,125860199,129425
competitor,chain,chain_200,200,199,2.0,113981,3,gz_sdf,710053079,290861
competitor,chain,chain_200,200,199,2.0,113981,3,mujoco_mjcf,275463643,250038
competitor,chain,chain_200,200,199,2.0,113981,3,bundle_3fmt,1088005383,0
competitor,chain,chain_200,200,199,2.0,113981,4,xacro_urdf,130008861,129425
competitor,chain,chain_200,200,199,2.0,113981,4,gz_sdf,721702259,290861
competitor,chain,chain_200,200,199,2.0,113981,4,mujoco_mjcf,269719003,250038
competitor,chain,chain_200,200,199,2.0,113981,4,bundle_3fmt,1114312611,0
competitor,tree,tree_200_k3,200,199,2.0,109908,0,xacro_urdf,123771181,125355
competitor,tree,tree_200_k3,200,199,2.0,109908,0,gz_sdf,681043715,281113
competitor,tree,tree_200_k3,200,199,2.0,109908,0,mujoco_mjcf,261851646,62260
competitor,tree,tree_200_k3,200,199,2.0,109908,0,bundle_3fmt,1094876340,0
competitor,tree,tree_200_k3,200,199,2.0,109908,1,xacro_urdf,126678385,125355
competitor,tree,tree_200_k3,200,199,2.0,109908,1,gz_sdf,689034137,281113
competitor,tree,tree_200_k3,200,199,2.0,109908,1,mujoco_mjcf,217486571,62260
competitor,tree,tree_200_k3,200,199,2.0,109908,1,bundle_3fmt,1031331820,0
competitor,tree,tree_200_k3,200,199,2.0,109908,2,xacro_urdf,127860017,125355
competitor,tree,tree_200_k3,200,199,2.0,109908,2,gz_sdf,669961568,281113
competitor,tree,tree_200_k3,200,199,2.0,109908,2,mujoco_mjcf,246695146,62260
competitor,tree,tree_200_k3,200,199,2.0,109908,2,bundle_3fmt,1049553873,0
competitor,tree,tree_200_k3,200,199,2.0,109908,3,xacro_urdf,145102006,125355
competitor,tree,tree_200_k3,200,199,2.0,109908,3,gz_sdf,679099460,281113
competitor,tree,tree_200_k3,200,199,2.0,109908,3,mujoco_mjcf,241380801,62260
competitor,tree,tree_200_k3,200,199,2.0,109908,3,bundle_3fmt,1010340713,0
competitor,tree,tree_200_k3,200,199,2.0,109908,4,xacro_urdf,120420695,125355
competitor,tree,tree_200_k3,200,199,2.0,109908,4,gz_sdf,679145231,281113
competitor,tree,tree_200_k3,200,199,2.0,109908,4,mujoco_mjcf,222526196,62260
competitor,tree,tree_200_k3,200,199,2.0,109908,4,bundle_3fmt,1031078973,0
competitor,chain,chain_500,500,499,2.0,285881,0,xacro_urdf,224238611,323825
competitor,chain,chain_500,500,499,2.0,285881,0,gz_sdf,1867357298,728977
competitor,chain,chain_500,500,499,2.0,285881,0,mujoco_mjcf,2146150940,1375604
competitor,chain,chain_500,500,499,2.0,285881,0,bundle_3fmt,4450380370,0
competitor,chain,chain_500,500,499,2.0,285881,1,xacro_urdf,232216585,323825
competitor,chain,chain_500,500,499,2.0,285881,1,gz_sdf,1821324766,728977
competitor,chain,chain_500,500,499,2.0,285881,1,mujoco_mjcf,2159408512,1375604
competitor,chain,chain_500,500,499,2.0,285881,1,bundle_3fmt,4163501434,0
competitor,chain,chain_500,500,499,2.0,285881,2,xacro_urdf,216724385,323825
competitor,chain,chain_500,500,499,2.0,285881,2,gz_sdf,1806052287,728977
competitor,chain,chain_500,500,499,2.0,285881,2,mujoco_mjcf,2111170170,1375604
competitor,chain,chain_500,500,499,2.0,285881,2,bundle_3fmt,4214438376,0
competitor,chain,chain_500,500,499,2.0,285881,3,xacro_urdf,218668922,323825
competitor,chain,chain_500,500,499,2.0,285881,3,gz_sdf,1818979842,728977
competitor,chain,chain_500,500,499,2.0,285881,3,mujoco_mjcf,2113167818,1375604
competitor,chain,chain_500,500,499,2.0,285881,3,bundle_3fmt,4166871831,0
competitor,chain,chain_500,500,499,2.0,285881,4,xacro_urdf,216908627,323825
competitor,chain,chain_500,500,499,2.0,285881,4,gz_sdf,1812938941,728977
competitor,chain,chain_500,500,499,2.0,285881,4,mujoco_mjcf,2159903712,1375604
competitor,chain,chain_500,500,499,2.0,285881,4,bundle_3fmt,4206315400,0
competitor,tree,tree_500_k3,500,499,2.0,275748,0,xacro_urdf,214335560,313695
competitor,tree,tree_500_k3,500,499,2.0,275748,0,gz_sdf,1542271455,704709
competitor,tree,tree_500_k3,500,499,2.0,275748,0,mujoco_mjcf,347140506,164256
competitor,tree,tree_500_k3,500,499,2.0,275748,0,bundle_3fmt,2113826671,0
competitor,tree,tree_500_k3,500,499,2.0,275748,1,xacro_urdf,229907567,313695
competitor,tree,tree_500_k3,500,499,2.0,275748,1,gz_sdf,1516156359,704709
competitor,tree,tree_500_k3,500,499,2.0,275748,1,mujoco_mjcf,375430466,164256
competitor,tree,tree_500_k3,500,499,2.0,275748,1,bundle_3fmt,2103039965,0
competitor,tree,tree_500_k3,500,499,2.0,275748,2,xacro_urdf,216532426,313695
competitor,tree,tree_500_k3,500,499,2.0,275748,2,gz_sdf,1534423435,704709
competitor,tree,tree_500_k3,500,499,2.0,275748,2,mujoco_mjcf,350484979,164256
competitor,tree,tree_500_k3,500,499,2.0,275748,2,bundle_3fmt,2101109892,0
competitor,tree,tree_500_k3,500,499,2.0,275748,3,xacro_urdf,213974202,313695
competitor,tree,tree_500_k3,500,499,2.0,275748,3,gz_sdf,1531903820,704709
competitor,tree,tree_500_k3,500,499,2.0,275748,3,mujoco_mjcf,351629189,164256
competitor,tree,tree_500_k3,500,499,2.0,275748,3,bundle_3fmt,2082890973,0
competitor,tree,tree_500_k3,500,499,2.0,275748,4,xacro_urdf,210567824,313695
competitor,tree,tree_500_k3,500,499,2.0,275748,4,gz_sdf,1536464250,704709
competitor,tree,tree_500_k3,500,499,2.0,275748,4,mujoco_mjcf,354194134,164256
competitor,tree,tree_500_k3,500,499,2.0,275748,4,bundle_3fmt,2084033970,0
competitor,chain,chain_1000,1000,999,2.0,572382,0,xacro_urdf,380049283,647828
competitor,chain,chain_1000,1000,999,2.0,572382,0,gz_sdf,4214906051,1459318
competitor,chain,chain_1000,1000,999,2.0,572382,0,mujoco_mjcf,12262124638,5251559
competitor,chain,chain_1000,1000,999,2.0,572382,0,bundle_3fmt,16789830231,0
competitor,chain,chain_1000,1000,999,2.0,572382,1,xacro_urdf,388251153,647828
competitor,chain,chain_1000,1000,999,2.0,572382,1,gz_sdf,4106373141,1459318
competitor,chain,chain_1000,1000,999,2.0,572382,1,mujoco_mjcf,12253723953,5251559
competitor,chain,chain_1000,1000,999,2.0,572382,1,bundle_3fmt,16725020316,0
competitor,chain,chain_1000,1000,999,2.0,572382,2,xacro_urdf,384933907,647828
competitor,chain,chain_1000,1000,999,2.0,572382,2,gz_sdf,4118317108,1459318
competitor,chain,chain_1000,1000,999,2.0,572382,2,mujoco_mjcf,12178202527,5251559
competitor,chain,chain_1000,1000,999,2.0,572382,2,bundle_3fmt,16961615660,0
competitor,chain,chain_1000,1000,999,2.0,572382,3,xacro_urdf,392334910,647828
competitor,chain,chain_1000,1000,999,2.0,572382,3,gz_sdf,4104824231,1459318
competitor,chain,chain_1000,1000,999,2.0,572382,3,mujoco_mjcf,12226089749,5251559
competitor,chain,chain_1000,1000,999,2.0,572382,3,bundle_3fmt,16753299647,0
competitor,chain,chain_1000,1000,999,2.0,572382,4,xacro_urdf,385956007,647828
competitor,chain,chain_1000,1000,999,2.0,572382,4,gz_sdf,4157074734,1459318
competitor,chain,chain_1000,1000,999,2.0,572382,4,mujoco_mjcf,12339929736,5251559
competitor,chain,chain_1000,1000,999,2.0,572382,4,bundle_3fmt,16869050980,0
competitor,tree,tree_1000_k3,1000,999,2.0,552210,0,xacro_urdf,362856372,627659
competitor,tree,tree_1000_k3,1000,999,2.0,552210,0,gz_sdf,2959457154,1410972
competitor,tree,tree_1000_k3,1000,999,2.0,552210,0,mujoco_mjcf,910402845,349661
competitor,tree,tree_1000_k3,1000,999,2.0,552210,0,bundle_3fmt,4119266417,0
competitor,tree,tree_1000_k3,1000,999,2.0,552210,1,xacro_urdf,358784383,627659
competitor,tree,tree_1000_k3,1000,999,2.0,552210,1,gz_sdf,2924902076,1410972
competitor,tree,tree_1000_k3,1000,999,2.0,552210,1,mujoco_mjcf,912719512,349661
competitor,tree,tree_1000_k3,1000,999,2.0,552210,1,bundle_3fmt,4136642476,0
competitor,tree,tree_1000_k3,1000,999,2.0,552210,2,xacro_urdf,355088082,627659
competitor,tree,tree_1000_k3,1000,999,2.0,552210,2,gz_sdf,2886272933,1410972
competitor,tree,tree_1000_k3,1000,999,2.0,552210,2,mujoco_mjcf,883127941,349661
competitor,tree,tree_1000_k3,1000,999,2.0,552210,2,bundle_3fmt,4140522310,0
competitor,tree,tree_1000_k3,1000,999,2.0,552210,3,xacro_urdf,358769908,627659
competitor,tree,tree_1000_k3,1000,999,2.0,552210,3,gz_sdf,2894373905,1410972
competitor,tree,tree_1000_k3,1000,999,2.0,552210,3,mujoco_mjcf,876374813,349661
competitor,tree,tree_1000_k3,1000,999,2.0,552210,3,bundle_3fmt,4121767234,0
competitor,tree,tree_1000_k3,1000,999,2.0,552210,4,xacro_urdf,350525781,627659
competitor,tree,tree_1000_k3,1000,999,2.0,552210,4,gz_sdf,2923479793,1410972
competitor,tree,tree_1000_k3,1000,999,2.0,552210,4,mujoco_mjcf,895014819,349661
competitor,tree,tree_1000_k3,1000,999,2.0,552210,4,bundle_3fmt,4183186059,0
competitor,chain,chain_2000,2000,1999,2.0,1149380,0,xacro_urdf,732698722,1299826
competitor,chain,chain_2000,2000,1999,2.0,1149380,0,gz_sdf,10600201133,2928110
competitor,chain,chain_2000,2000,1999,2.0,1149380,0,mujoco_mjcf,1527134600,0
competitor,chain,chain_2000,2000,1999,2.0,1149380,0,bundle_3fmt,12936800466,0
competitor,chain,chain_2000,2000,1999,2.0,1149380,1,xacro_urdf,719809028,1299826
competitor,chain,chain_2000,2000,1999,2.0,1149380,1,gz_sdf,10838087868,2928110
competitor,chain,chain_2000,2000,1999,2.0,1149380,1,mujoco_mjcf,1509578483,0
competitor,chain,chain_2000,2000,1999,2.0,1149380,1,bundle_3fmt,12923859283,0
competitor,chain,chain_2000,2000,1999,2.0,1149380,2,xacro_urdf,722018950,1299826
competitor,chain,chain_2000,2000,1999,2.0,1149380,2,gz_sdf,10784600160,2928110
competitor,chain,chain_2000,2000,1999,2.0,1149380,2,mujoco_mjcf,1487602248,0
competitor,chain,chain_2000,2000,1999,2.0,1149380,2,bundle_3fmt,12896056893,0
competitor,chain,chain_2000,2000,1999,2.0,1149380,3,xacro_urdf,717023914,1299826
competitor,chain,chain_2000,2000,1999,2.0,1149380,3,gz_sdf,10671407716,2928110
competitor,chain,chain_2000,2000,1999,2.0,1149380,3,mujoco_mjcf,1528380308,0
competitor,chain,chain_2000,2000,1999,2.0,1149380,3,bundle_3fmt,13165202758,0
competitor,chain,chain_2000,2000,1999,2.0,1149380,4,xacro_urdf,708326595,1299826
competitor,chain,chain_2000,2000,1999,2.0,1149380,4,gz_sdf,10744434342,2928110
competitor,chain,chain_2000,2000,1999,2.0,1149380,4,mujoco_mjcf,1554722565,0
competitor,chain,chain_2000,2000,1999,2.0,1149380,4,bundle_3fmt,13198629526,0
competitor,tree,tree_2000_k3,2000,1999,2.0,1108571,0,xacro_urdf,696121300,1259020
competitor,tree,tree_2000_k3,2000,1999,2.0,1108571,0,gz_sdf,5623411660,2830490
competitor,tree,tree_2000_k3,2000,1999,2.0,1108571,0,mujoco_mjcf,3277565596,688830
competitor,tree,tree_2000_k3,2000,1999,2.0,1108571,0,bundle_3fmt,9604443721,0
competitor,tree,tree_2000_k3,2000,1999,2.0,1108571,1,xacro_urdf,713977567,1259020
competitor,tree,tree_2000_k3,2000,1999,2.0,1108571,1,gz_sdf,5532508547,2830490
competitor,tree,tree_2000_k3,2000,1999,2.0,1108571,1,mujoco_mjcf,3337214344,688830
competitor,tree,tree_2000_k3,2000,1999,2.0,1108571,1,bundle_3fmt,9778929435,0
competitor,tree,tree_2000_k3,2000,1999,2.0,1108571,2,xacro_urdf,711769622,1259020
competitor,tree,tree_2000_k3,2000,1999,2.0,1108571,2,gz_sdf,5679085243,2830490
competitor,tree,tree_2000_k3,2000,1999,2.0,1108571,2,mujoco_mjcf,3293236614,688830
competitor,tree,tree_2000_k3,2000,1999,2.0,1108571,2,bundle_3fmt,9582543174,0
competitor,tree,tree_2000_k3,2000,1999,2.0,1108571,3,xacro_urdf,690137009,1259020
competitor,tree,tree_2000_k3,2000,1999,2.0,1108571,3,gz_sdf,5623270195,2830490
competitor,tree,tree_2000_k3,2000,1999,2.0,1108571,3,mujoco_mjcf,3354121163,688830
competitor,tree,tree_2000_k3,2000,1999,2.0,1108571,3,bundle_3fmt,9634708645,0
competitor,tree,tree_2000_k3,2000,1999,2.0,1108571,4,xacro_urdf,706034179,1259020
competitor,tree,tree_2000_k3,2000,1999,2.0,1108571,4,gz_sdf,5521800280,2830490
competitor,tree,tree_2000_k3,2000,1999,2.0,1108571,4,mujoco_mjcf,3298760388,688830
competitor,tree,tree_2000_k3,2000,1999,2.0,1108571,4,bundle_3fmt,9741259625,0
competitor,chain,chain_5000,5000,4999,2.0,2880380,0,xacro_urdf,1844224551,3255826
competitor,chain,chain_5000,5000,4999,2.0,2880380,0,gz_sdf,52628575447,7335337
competitor,chain,chain_5000,5000,4999,2.0,2880380,0,mujoco_mjcf,1614782741,0
competitor,chain,chain_5000,5000,4999,2.0,2880380,0,bundle_3fmt,55992918966,0
competitor,chain,chain_5000,5000,4999,2.0,2880380,1,xacro_urdf,1813796086,3255826
competitor,chain,chain_5000,5000,4999,2.0,2880380,1,gz_sdf,52576342833,7335337
competitor,chain,chain_5000,5000,4999,2.0,2880380,1,mujoco_mjcf,1694063180,0
competitor,chain,chain_5000,5000,4999,2.0,2880380,1,bundle_3fmt,56353024132,0
competitor,chain,chain_5000,5000,4999,2.0,2880380,2,xacro_urdf,1870193444,3255826
competitor,chain,chain_5000,5000,4999,2.0,2880380,2,gz_sdf,51423420277,7335337
competitor,chain,chain_5000,5000,4999,2.0,2880380,2,mujoco_mjcf,1614831605,0
competitor,chain,chain_5000,5000,4999,2.0,2880380,2,bundle_3fmt,55241712187,0
competitor,chain,chain_5000,5000,4999,2.0,2880380,3,xacro_urdf,1838850915,3255826
competitor,chain,chain_5000,5000,4999,2.0,2880380,3,gz_sdf,53237639440,7335337
competitor,chain,chain_5000,5000,4999,2.0,2880380,3,mujoco_mjcf,1716960163,0
competitor,chain,chain_5000,5000,4999,2.0,2880380,3,bundle_3fmt,55694274825,0
competitor,chain,chain_5000,5000,4999,2.0,2880380,4,xacro_urdf,1849932110,3255826
competitor,chain,chain_5000,5000,4999,2.0,2880380,4,gz_sdf,52532716921,7335337
competitor,chain,chain_5000,5000,4999,2.0,2880380,4,mujoco_mjcf,1629564916,0
competitor,chain,chain_5000,5000,4999,2.0,2880380,4,bundle_3fmt,56368040206,0
competitor,tree,tree_5000_k3,5000,4999,2.0,2778941,0,xacro_urdf,1804817347,3154390
competitor,tree,tree_5000_k3,5000,4999,2.0,2778941,0,gz_sdf,14125116960,7092457
competitor,tree,tree_5000_k3,5000,4999,2.0,2778941,0,mujoco_mjcf,25434788731,1754758
competitor,tree,tree_5000_k3,5000,4999,2.0,2778941,0,bundle_3fmt,41508434497,0
competitor,tree,tree_5000_k3,5000,4999,2.0,2778941,1,xacro_urdf,1807984631,3154390
competitor,tree,tree_5000_k3,5000,4999,2.0,2778941,1,gz_sdf,14603404741,7092457
competitor,tree,tree_5000_k3,5000,4999,2.0,2778941,1,mujoco_mjcf,25454652366,1754758
competitor,tree,tree_5000_k3,5000,4999,2.0,2778941,1,bundle_3fmt,41794646035,0
competitor,tree,tree_5000_k3,5000,4999,2.0,2778941,2,xacro_urdf,1824672049,3154390
competitor,tree,tree_5000_k3,5000,4999,2.0,2778941,2,gz_sdf,14474179960,7092457
competitor,tree,tree_5000_k3,5000,4999,2.0,2778941,2,mujoco_mjcf,25262355098,1754758
competitor,tree,tree_5000_k3,5000,4999,2.0,2778941,2,bundle_3fmt,41503948090,0
competitor,tree,tree_5000_k3,5000,4999,2.0,2778941,3,xacro_urdf,1798834105,3154390
competitor,tree,tree_5000_k3,5000,4999,2.0,2778941,3,gz_sdf,14438526382,7092457
competitor,tree,tree_5000_k3,5000,4999,2.0,2778941,3,mujoco_mjcf,25213607541,1754758
competitor,tree,tree_5000_k3,5000,4999,2.0,2778941,3,bundle_3fmt,41419025271,0
competitor,tree,tree_5000_k3,5000,4999,2.0,2778941,4,xacro_urdf,1794452978,3154390
competitor,tree,tree_5000_k3,5000,4999,2.0,2778941,4,gz_sdf,14443039647,7092457
competitor,tree,tree_5000_k3,5000,4999,2.0,2778941,4,mujoco_mjcf,24999912427,1754758
competitor,tree,tree_5000_k3,5000,4999,2.0,2778941,4,bundle_3fmt,42144104835,0
competitor,humanoid,humanoid_f0,28,27,2.0,15767,0,xacro_urdf,77964113,18260
competitor,humanoid,humanoid_f0,28,27,2.0,15767,0,gz_sdf,192062484,40080
competitor,humanoid,humanoid_f0,28,27,2.0,15767,0,mujoco_mjcf,209774163,8366
competitor,humanoid,humanoid_f0,28,27,2.0,15767,0,bundle_3fmt,483917220,0
competitor,humanoid,humanoid_f0,28,27,2.0,15767,1,xacro_urdf,85113902,18260
competitor,humanoid,humanoid_f0,28,27,2.0,15767,1,gz_sdf,189383273,40080
competitor,humanoid,humanoid_f0,28,27,2.0,15767,1,mujoco_mjcf,184314518,8366
competitor,humanoid,humanoid_f0,28,27,2.0,15767,1,bundle_3fmt,464104140,0
competitor,humanoid,humanoid_f0,28,27,2.0,15767,2,xacro_urdf,83458591,18260
competitor,humanoid,humanoid_f0,28,27,2.0,15767,2,gz_sdf,191803345,40080
competitor,humanoid,humanoid_f0,28,27,2.0,15767,2,mujoco_mjcf,180009132,8366
competitor,humanoid,humanoid_f0,28,27,2.0,15767,2,bundle_3fmt,481406417,0
competitor,humanoid,humanoid_f0,28,27,2.0,15767,3,xacro_urdf,75384831,18260
competitor,humanoid,humanoid_f0,28,27,2.0,15767,3,gz_sdf,193741289,40080
competitor,humanoid,humanoid_f0,28,27,2.0,15767,3,mujoco_mjcf,171430560,8366
competitor,humanoid,humanoid_f0,28,27,2.0,15767,3,bundle_3fmt,446902472,0
competitor,humanoid,humanoid_f0,28,27,2.0,15767,4,xacro_urdf,85186418,18260
competitor,humanoid,humanoid_f0,28,27,2.0,15767,4,gz_sdf,192612141,40080
competitor,humanoid,humanoid_f0,28,27,2.0,15767,4,mujoco_mjcf,178761740,8366
competitor,humanoid,humanoid_f0,28,27,2.0,15767,4,bundle_3fmt,453087662,0
competitor,humanoid,humanoid_f2,44,43,2.0,25423,0,xacro_urdf,80010912,29116
competitor,humanoid,humanoid_f2,44,43,2.0,25423,0,gz_sdf,254974672,64338
competitor,humanoid,humanoid_f2,44,43,2.0,25423,0,mujoco_mjcf,193850565,14433
competitor,humanoid,humanoid_f2,44,43,2.0,25423,0,bundle_3fmt,504007042,0
competitor,humanoid,humanoid_f2,44,43,2.0,25423,1,xacro_urdf,80512487,29116
competitor,humanoid,humanoid_f2,44,43,2.0,25423,1,gz_sdf,239207168,64338
competitor,humanoid,humanoid_f2,44,43,2.0,25423,1,mujoco_mjcf,199748373,14433
competitor,humanoid,humanoid_f2,44,43,2.0,25423,1,bundle_3fmt,499186254,0
competitor,humanoid,humanoid_f2,44,43,2.0,25423,2,xacro_urdf,80034256,29116
competitor,humanoid,humanoid_f2,44,43,2.0,25423,2,gz_sdf,240937590,64338
competitor,humanoid,humanoid_f2,44,43,2.0,25423,2,mujoco_mjcf,178415718,14433
competitor,humanoid,humanoid_f2,44,43,2.0,25423,2,bundle_3fmt,532009281,0
competitor,humanoid,humanoid_f2,44,43,2.0,25423,3,xacro_urdf,80244252,29116
competitor,humanoid,humanoid_f2,44,43,2.0,25423,3,gz_sdf,241834551,64338
competitor,humanoid,humanoid_f2,44,43,2.0,25423,3,mujoco_mjcf,210912299,14433
competitor,humanoid,humanoid_f2,44,43,2.0,25423,3,bundle_3fmt,495404365,0
competitor,humanoid,humanoid_f2,44,43,2.0,25423,4,xacro_urdf,82830236,29116
competitor,humanoid,humanoid_f2,44,43,2.0,25423,4,gz_sdf,251096051,64338
competitor,humanoid,humanoid_f2,44,43,2.0,25423,4,mujoco_mjcf,214915415,14433
competitor,humanoid,humanoid_f2,44,43,2.0,25423,4,bundle_3fmt,505839707,0
competitor,humanoid,humanoid_f5,68,67,2.0,39907,0,xacro_urdf,87994081,45400
competitor,humanoid,humanoid_f5,68,67,2.0,39907,0,gz_sdf,292742460,100781
competitor,humanoid,humanoid_f5,68,67,2.0,39907,0,mujoco_mjcf,210762115,23546
competitor,humanoid,humanoid_f5,68,67,2.0,39907,0,bundle_3fmt,572253486,0
competitor,humanoid,humanoid_f5,68,67,2.0,39907,1,xacro_urdf,88442466,45400
competitor,humanoid,humanoid_f5,68,67,2.0,39907,1,gz_sdf,314805161,100781
competitor,humanoid,humanoid_f5,68,67,2.0,39907,1,mujoco_mjcf,188577204,23546
competitor,humanoid,humanoid_f5,68,67,2.0,39907,1,bundle_3fmt,566512584,0
competitor,humanoid,humanoid_f5,68,67,2.0,39907,2,xacro_urdf,87553680,45400
competitor,humanoid,humanoid_f5,68,67,2.0,39907,2,gz_sdf,300850144,100781
competitor,humanoid,humanoid_f5,68,67,2.0,39907,2,mujoco_mjcf,178641845,23546
competitor,humanoid,humanoid_f5,68,67,2.0,39907,2,bundle_3fmt,551896440,0
competitor,humanoid,humanoid_f5,68,67,2.0,39907,3,xacro_urdf,87621879,45400
competitor,humanoid,humanoid_f5,68,67,2.0,39907,3,gz_sdf,290736078,100781
competitor,humanoid,humanoid_f5,68,67,2.0,39907,3,mujoco_mjcf,178895042,23546
competitor,humanoid,humanoid_f5,68,67,2.0,39907,3,bundle_3fmt,564580702,0
competitor,humanoid,humanoid_f5,68,67,2.0,39907,4,xacro_urdf,88145076,45400
competitor,humanoid,humanoid_f5,68,67,2.0,39907,4,gz_sdf,303148647,100781
competitor,humanoid,humanoid_f5,68,67,2.0,39907,4,mujoco_mjcf,184726184,23546
competitor,humanoid,humanoid_f5,68,67,2.0,39907,4,bundle_3fmt,577913837,0
competitor,quadruped,quadruped_d3_t0,14,13,2.0,7730,0,xacro_urdf,72834974,9182
competitor,quadruped,quadruped_d3_t0,14,13,2.0,7730,0,gz_sdf,162128765,19628
competitor,quadruped,quadruped_d3_t0,14,13,2.0,7730,0,mujoco_mjcf,175951964,3839
competitor,quadruped,quadruped_d3_t0,14,13,2.0,7730,0,bundle_3fmt,423297634,0
competitor,quadruped,quadruped_d3_t0,14,13,2.0,7730,1,xacro_urdf,71937021,9182
competitor,quadruped,quadruped_d3_t0,14,13,2.0,7730,1,gz_sdf,164707957,19628
competitor,quadruped,quadruped_d3_t0,14,13,2.0,7730,1,mujoco_mjcf,173420983,3839
competitor,quadruped,quadruped_d3_t0,14,13,2.0,7730,1,bundle_3fmt,447829109,0
competitor,quadruped,quadruped_d3_t0,14,13,2.0,7730,2,xacro_urdf,71900723,9182
competitor,quadruped,quadruped_d3_t0,14,13,2.0,7730,2,gz_sdf,163399200,19628
competitor,quadruped,quadruped_d3_t0,14,13,2.0,7730,2,mujoco_mjcf,175266862,3839
competitor,quadruped,quadruped_d3_t0,14,13,2.0,7730,2,bundle_3fmt,414008072,0
competitor,quadruped,quadruped_d3_t0,14,13,2.0,7730,3,xacro_urdf,72156415,9182
competitor,quadruped,quadruped_d3_t0,14,13,2.0,7730,3,gz_sdf,161359014,19628
competitor,quadruped,quadruped_d3_t0,14,13,2.0,7730,3,mujoco_mjcf,173136636,3839
competitor,quadruped,quadruped_d3_t0,14,13,2.0,7730,3,bundle_3fmt,427100744,0
competitor,quadruped,quadruped_d3_t0,14,13,2.0,7730,4,xacro_urdf,73034079,9182
competitor,quadruped,quadruped_d3_t0,14,13,2.0,7730,4,gz_sdf,177443335,19628
competitor,quadruped,quadruped_d3_t0,14,13,2.0,7730,4,mujoco_mjcf,207416249,3839
competitor,quadruped,quadruped_d3_t0,14,13,2.0,7730,4,bundle_3fmt,403349169,0
competitor,quadruped,quadruped_d3_t3,17,16,2.0,9406,0,xacro_urdf,75358962,11083
competitor,quadruped,quadruped_d3_t3,17,16,2.0,9406,0,gz_sdf,169323799,23934
competitor,quadruped,quadruped_d3_t3,17,16,2.0,9406,0,mujoco_mjcf,176472886,4682
competitor,quadruped,quadruped_d3_t3,17,16,2.0,9406,0,bundle_3fmt,440815498,0
competitor,quadruped,quadruped_d3_t3,17,16,2.0,9406,1,xacro_urdf,74626942,11083
competitor,quadruped,quadruped_d3_t3,17,16,2.0,9406,1,gz_sdf,170558606,23934
competitor,quadruped,quadruped_d3_t3,17,16,2.0,9406,1,mujoco_mjcf,175811830,4682
competitor,quadruped,quadruped_d3_t3,17,16,2.0,9406,1,bundle_3fmt,424873716,0
competitor,quadruped,quadruped_d3_t3,17,16,2.0,9406,2,xacro_urdf,75126394,11083
competitor,quadruped,quadruped_d3_t3,17,16,2.0,9406,2,gz_sdf,172623679,23934
competitor,quadruped,quadruped_d3_t3,17,16,2.0,9406,2,mujoco_mjcf,207160416,4682
competitor,quadruped,quadruped_d3_t3,17,16,2.0,9406,2,bundle_3fmt,435535074,0
competitor,quadruped,quadruped_d3_t3,17,16,2.0,9406,3,xacro_urdf,72142789,11083
competitor,quadruped,quadruped_d3_t3,17,16,2.0,9406,3,gz_sdf,171502046,23934
competitor,quadruped,quadruped_d3_t3,17,16,2.0,9406,3,mujoco_mjcf,181561338,4682
competitor,quadruped,quadruped_d3_t3,17,16,2.0,9406,3,bundle_3fmt,427391842,0
competitor,quadruped,quadruped_d3_t3,17,16,2.0,9406,4,xacro_urdf,73481974,11083
competitor,quadruped,quadruped_d3_t3,17,16,2.0,9406,4,gz_sdf,168704501,23934
competitor,quadruped,quadruped_d3_t3,17,16,2.0,9406,4,mujoco_mjcf,169114053,4682
competitor,quadruped,quadruped_d3_t3,17,16,2.0,9406,4,bundle_3fmt,454684402,0
competitor,quadruped,quadruped_d5_t0,22,21,2.0,12294,0,xacro_urdf,79429526,14346
competitor,quadruped,quadruped_d5_t0,22,21,2.0,12294,0,gz_sdf,183817111,31258
competitor,quadruped,quadruped_d5_t0,22,21,2.0,12294,0,mujoco_mjcf,215109060,6335
competitor,quadruped,quadruped_d5_t0,22,21,2.0,12294,0,bundle_3fmt,449206646,0
competitor,quadruped,quadruped_d5_t0,22,21,2.0,12294,1,xacro_urdf,74325694,14346
competitor,quadruped,quadruped_d5_t0,22,21,2.0,12294,1,gz_sdf,178249014,31258
competitor,quadruped,quadruped_d5_t0,22,21,2.0,12294,1,mujoco_mjcf,172196054,6335
competitor,quadruped,quadruped_d5_t0,22,21,2.0,12294,1,bundle_3fmt,466022537,0
competitor,quadruped,quadruped_d5_t0,22,21,2.0,12294,2,xacro_urdf,73914940,14346
competitor,quadruped,quadruped_d5_t0,22,21,2.0,12294,2,gz_sdf,210572789,31258
competitor,quadruped,quadruped_d5_t0,22,21,2.0,12294,2,mujoco_mjcf,176747283,6335
competitor,quadruped,quadruped_d5_t0,22,21,2.0,12294,2,bundle_3fmt,460233855,0
competitor,quadruped,quadruped_d5_t0,22,21,2.0,12294,3,xacro_urdf,73667964,14346
competitor,quadruped,quadruped_d5_t0,22,21,2.0,12294,3,gz_sdf,198993591,31258
competitor,quadruped,quadruped_d5_t0,22,21,2.0,12294,3,mujoco_mjcf,174401571,6335
competitor,quadruped,quadruped_d5_t0,22,21,2.0,12294,3,bundle_3fmt,436888104,0
competitor,quadruped,quadruped_d5_t0,22,21,2.0,12294,4,xacro_urdf,73712629,14346
competitor,quadruped,quadruped_d5_t0,22,21,2.0,12294,4,gz_sdf,194996996,31258
competitor,quadruped,quadruped_d5_t0,22,21,2.0,12294,4,mujoco_mjcf,173075701,6335
competitor,quadruped,quadruped_d5_t0,22,21,2.0,12294,4,bundle_3fmt,474410840,0
competitor,quadruped,quadruped_d5_t3,25,24,2.0,13970,0,xacro_urdf,77718490,16247
competitor,quadruped,quadruped_d5_t3,25,24,2.0,13970,0,gz_sdf,205571671,35542
competitor,quadruped,quadruped_d5_t3,25,24,2.0,13970,0,mujoco_mjcf,193667921,7176
competitor,quadruped,quadruped_d5_t3,25,24,2.0,13970,0,bundle_3fmt,442122202,0
competitor,quadruped,quadruped_d5_t3,25,24,2.0,13970,1,xacro_urdf,76079551,16247
competitor,quadruped,quadruped_d5_t3,25,24,2.0,13970,1,gz_sdf,198288010,35542
competitor,quadruped,quadruped_d5_t3,25,24,2.0,13970,1,mujoco_mjcf,208765201,7176
competitor,quadruped,quadruped_d5_t3,25,24,2.0,13970,1,bundle_3fmt,444156677,0
competitor,quadruped,quadruped_d5_t3,25,24,2.0,13970,2,xacro_urdf,79224168,16247
competitor,quadruped,quadruped_d5_t3,25,24,2.0,13970,2,gz_sdf,192880587,35542
competitor,quadruped,quadruped_d5_t3,25,24,2.0,13970,2,mujoco_mjcf,177864349,7176
competitor,quadruped,quadruped_d5_t3,25,24,2.0,13970,2,bundle_3fmt,440001033,0
competitor,quadruped,quadruped_d5_t3,25,24,2.0,13970,3,xacro_urdf,73936701,16247
competitor,quadruped,quadruped_d5_t3,25,24,2.0,13970,3,gz_sdf,184743377,35542
competitor,quadruped,quadruped_d5_t3,25,24,2.0,13970,3,mujoco_mjcf,200872973,7176
competitor,quadruped,quadruped_d5_t3,25,24,2.0,13970,3,bundle_3fmt,447920873,0
competitor,quadruped,quadruped_d5_t3,25,24,2.0,13970,4,xacro_urdf,73053386,16247
competitor,quadruped,quadruped_d5_t3,25,24,2.0,13970,4,gz_sdf,190342832,35542
competitor,quadruped,quadruped_d5_t3,25,24,2.0,13970,4,mujoco_mjcf,193939112,7176
competitor,quadruped,quadruped_d5_t3,25,24,2.0,13970,4,bundle_3fmt,521125925,0
competitor,quadruped,quadruped_d7_t0,30,29,2.0,16866,0,xacro_urdf,89442622,19518
competitor,quadruped,quadruped_d7_t0,30,29,2.0,16866,0,gz_sdf,226676437,42885
competitor,quadruped,quadruped_d7_t0,30,29,2.0,16866,0,mujoco_mjcf,230059114,8990
competitor,quadruped,quadruped_d7_t0,30,29,2.0,16866,0,bundle_3fmt,510670375,0
competitor,quadruped,quadruped_d7_t0,30,29,2.0,16866,1,xacro_urdf,79935400,19518
competitor,quadruped,quadruped_d7_t0,30,29,2.0,16866,1,gz_sdf,196502805,42885
competitor,quadruped,quadruped_d7_t0,30,29,2.0,16866,1,mujoco_mjcf,205063082,8990
competitor,quadruped,quadruped_d7_t0,30,29,2.0,16866,1,bundle_3fmt,467212691,0
competitor,quadruped,quadruped_d7_t0,30,29,2.0,16866,2,xacro_urdf,88033105,19518
competitor,quadruped,quadruped_d7_t0,30,29,2.0,16866,2,gz_sdf,208967052,42885
competitor,quadruped,quadruped_d7_t0,30,29,2.0,16866,2,mujoco_mjcf,233243656,8990
competitor,quadruped,quadruped_d7_t0,30,29,2.0,16866,2,bundle_3fmt,451595791,0
competitor,quadruped,quadruped_d7_t0,30,29,2.0,16866,3,xacro_urdf,81302897,19518
competitor,quadruped,quadruped_d7_t0,30,29,2.0,16866,3,gz_sdf,204804185,42885
competitor,quadruped,quadruped_d7_t0,30,29,2.0,16866,3,mujoco_mjcf,180759707,8990
competitor,quadruped,quadruped_d7_t0,30,29,2.0,16866,3,bundle_3fmt,462624191,0
competitor,quadruped,quadruped_d7_t0,30,29,2.0,16866,4,xacro_urdf,77630705,19518
competitor,quadruped,quadruped_d7_t0,30,29,2.0,16866,4,gz_sdf,196078756,42885
competitor,quadruped,quadruped_d7_t0,30,29,2.0,16866,4,mujoco_mjcf,185613928,8990
competitor,quadruped,quadruped_d7_t0,30,29,2.0,16866,4,bundle_3fmt,485035569,0
competitor,quadruped,quadruped_d7_t3,33,32,2.0,18542,0,xacro_urdf,80782075,21419
competitor,quadruped,quadruped_d7_t3,33,32,2.0,18542,0,gz_sdf,211900672,47194
competitor,quadruped,quadruped_d7_t3,33,32,2.0,18542,0,mujoco_mjcf,170322842,9829
competitor,quadruped,quadruped_d7_t3,33,32,2.0,18542,0,bundle_3fmt,453455276,0
competitor,quadruped,quadruped_d7_t3,33,32,2.0,18542,1,xacro_urdf,77852523,21419
competitor,quadruped,quadruped_d7_t3,33,32,2.0,18542,1,gz_sdf,201921139,47194
competitor,quadruped,quadruped_d7_t3,33,32,2.0,18542,1,mujoco_mjcf,207725892,9829
competitor,quadruped,quadruped_d7_t3,33,32,2.0,18542,1,bundle_3fmt,457579621,0
competitor,quadruped,quadruped_d7_t3,33,32,2.0,18542,2,xacro_urdf,77416080,21419
competitor,quadruped,quadruped_d7_t3,33,32,2.0,18542,2,gz_sdf,200459363,47194
competitor,quadruped,quadruped_d7_t3,33,32,2.0,18542,2,mujoco_mjcf,171402809,9829
competitor,quadruped,quadruped_d7_t3,33,32,2.0,18542,2,bundle_3fmt,469461170,0
competitor,quadruped,quadruped_d7_t3,33,32,2.0,18542,3,xacro_urdf,77260096,21419
competitor,quadruped,quadruped_d7_t3,33,32,2.0,18542,3,gz_sdf,214909304,47194
competitor,quadruped,quadruped_d7_t3,33,32,2.0,18542,3,mujoco_mjcf,184706728,9829
competitor,quadruped,quadruped_d7_t3,33,32,2.0,18542,3,bundle_3fmt,470431398,0
competitor,quadruped,quadruped_d7_t3,33,32,2.0,18542,4,xacro_urdf,79229489,21419
competitor,quadruped,quadruped_d7_t3,33,32,2.0,18542,4,gz_sdf,211886817,47194
competitor,quadruped,quadruped_d7_t3,33,32,2.0,18542,4,mujoco_mjcf,190165268,9829
competitor,quadruped,quadruped_d7_t3,33,32,2.0,18542,4,bundle_3fmt,461379024,0
